checklist,checklist_id,section,section_id,checkpoint_id,checkpoint,type,unit,critical,photo_for_record,guidance
(shared) Universal QC Standards,shared,Universal QC Standards,universal,u-scope,Installed work matches the signed scope of work / proposal,yesno,,yes,,"Compare equipment, quantities, and locations against the sold proposal line by line."
(shared) Universal QC Standards,shared,Universal QC Standards,universal,u-change-orders,Any deviations from scope are documented on a signed change order,yesno,,yes,,"Verbal approvals do not count. If the crew changed anything, there is paperwork."
(shared) Universal QC Standards,shared,Universal QC Standards,universal,u-permits,"Permits pulled, posted on site, and required inspections scheduled or passed",yesno,,,,
(shared) Universal QC Standards,shared,Universal QC Standards,universal,u-serials,All equipment model and serial numbers recorded and photographed,yesno,,,yes,Shoot the data plate straight on and legible — this is the warranty record.
(shared) Universal QC Standards,shared,Universal QC Standards,universal,u-registration,Manufacturer warranty registration submitted,yesno,,,,Extended warranties are void if registration is missed inside the window.
(shared) Universal QC Standards,shared,Universal QC Standards,universal,u-protection,Floor and surface protection was used; no damage to interior finishes,yesno,,,,
(shared) Universal QC Standards,shared,Universal QC Standards,universal,u-cleanup,"Work areas cleaned; all debris, packaging, and old equipment removed from property",yesno,,,yes,
(shared) Universal QC Standards,shared,Universal QC Standards,universal,u-exterior,"No damage to siding, roofing, landscaping, or driveway",yesno,,,,
(shared) Universal QC Standards,shared,Universal QC Standards,universal,u-penetrations,"All exterior penetrations sealed, flashed, and weather-tight",yesno,,,yes,"Check every hole made today: line sets, vents, condensate, wiring."
(shared) Universal QC Standards,shared,Universal QC Standards,universal,u-labeling,"Equipment, disconnects, and breakers are labeled and accessible",yesno,,,,
(shared) Universal QC Standards,shared,Universal QC Standards,universal,u-co-alarms,Working CO and smoke alarms present on every level with combustion appliances,yesno,,yes,,
(shared) Universal QC Standards,shared,Universal QC Standards,universal,u-combustion,Existing combustion appliances checked for proper draft and no spillage,yesno,,yes,,Required any time the building envelope or air balance was changed.
(shared) Universal QC Standards,shared,Universal QC Standards,universal,u-operation,"System started, run through a full cycle, and left operating correctly",yesno,,yes,,
(shared) Universal QC Standards,shared,Universal QC Standards,universal,u-walkthrough,Customer walkthrough completed and system operation demonstrated,yesno,,,,
(shared) Universal QC Standards,shared,Universal QC Standards,universal,u-education,"Customer trained on controls, filter service intervals, and seasonal changeover",yesno,,,,
(shared) Universal QC Standards,shared,Universal QC Standards,universal,u-documents,"Manuals, warranty paperwork, and spare filters left with customer",yesno,,,,
(shared) Universal QC Standards,shared,Universal QC Standards,universal,u-service-contact,Customer given service contact information and knows who to call,yesno,,,,
(shared) Universal QC Standards,shared,Universal QC Standards,universal,u-satisfaction,Customer states they are satisfied with the completed work,yesno,,yes,,"If No, capture their words verbatim in the explanation."
Quick Safety Audit,quick-safety-audit,Occupant & Building Safety,qsa-occupant,qsa-co-alarms,Working CO alarms present on every level with fuel-burning appliances,yesno,,yes,,"Press to test. A missing or dead CO alarm is a same-day fix, not a punch item."
Quick Safety Audit,quick-safety-audit,Occupant & Building Safety,qsa-occupant,qsa-smoke-alarms,Working smoke alarms present and not past their replacement date,yesno,,yes,,
Quick Safety Audit,quick-safety-audit,Occupant & Building Safety,qsa-occupant,qsa-gas-odor,No gas odor anywhere in the building,yesno,,yes,,"If yes to an odor: stop, evacuate, call the utility. Do not continue the audit."
Quick Safety Audit,quick-safety-audit,Occupant & Building Safety,qsa-occupant,qsa-co-reading,Ambient CO reading in the main living space,measurement,ppm,,,
Quick Safety Audit,quick-safety-audit,Occupant & Building Safety,qsa-occupant,qsa-spillage,"No visible spillage, scorching, or backdraft at any combustion appliance",yesno,,yes,yes,"Look for soot, melted plastic, or rust streaks at the draft hood."
Quick Safety Audit,quick-safety-audit,Occupant & Building Safety,qsa-occupant,qsa-flue,"Flues and vent connectors intact, sloped correctly, and properly supported",yesno,,yes,,
Quick Safety Audit,quick-safety-audit,Occupant & Building Safety,qsa-occupant,qsa-chemicals,"No solvents, gasoline, or paint stored near combustion appliances",yesno,,,,
Quick Safety Audit,quick-safety-audit,Occupant & Building Safety,qsa-occupant,qsa-egress,"Exits, stairs, and walkways clear of tools, materials, and cords",yesno,,yes,,
Quick Safety Audit,quick-safety-audit,Electrical,qsa-electrical,qsa-panel,"Panel cover in place, no exposed conductors or open knockouts",yesno,,yes,,
Quick Safety Audit,quick-safety-audit,Electrical,qsa-electrical,qsa-wiring,"No damaged, spliced, or unsupported wiring in the work area",yesno,,yes,,
Quick Safety Audit,quick-safety-audit,Electrical,qsa-electrical,qsa-knob-tube,Knob-and-tube or other legacy wiring identified and flagged if present,yesno,,,,Answer No if it is present and not yet documented for the office.
Quick Safety Audit,quick-safety-audit,Electrical,qsa-electrical,qsa-gfci,GFCI protection present where required and tested,yesno,,,,
Quick Safety Audit,quick-safety-audit,Electrical,qsa-electrical,qsa-cords,"Extension cords and power tools in good condition, correctly rated",yesno,,,,
Quick Safety Audit,quick-safety-audit,Hazardous Materials & Air Quality,qsa-materials,qsa-asbestos,No suspected asbestos disturbed or at risk of disturbance,yesno,,yes,yes,"Pipe wrap, duct tape mastic, floor tile, popcorn ceilings in pre-1985 homes."
Quick Safety Audit,quick-safety-audit,Hazardous Materials & Air Quality,qsa-materials,qsa-vermiculite,No vermiculite insulation present in the work area,yesno,,yes,,"Loose, pebbly, gold-brown. Assume it contains asbestos until tested."
Quick Safety Audit,quick-safety-audit,Hazardous Materials & Air Quality,qsa-materials,qsa-lead,Lead-safe practices in place where pre-1978 painted surfaces are disturbed,yesno,,yes,,
Quick Safety Audit,quick-safety-audit,Hazardous Materials & Air Quality,qsa-materials,qsa-mold,No active mold growth or water intrusion in the work area,yesno,,,yes,
Quick Safety Audit,quick-safety-audit,Hazardous Materials & Air Quality,qsa-materials,qsa-pests,No rodent or pest contamination requiring remediation before work,yesno,,,,
Quick Safety Audit,quick-safety-audit,Crew & Work Area,qsa-worksite,qsa-ppe,Crew wearing the PPE the task requires,yesno,,yes,,"Respirators for insulation and demo, eye protection, gloves, hearing protection."
Quick Safety Audit,quick-safety-audit,Crew & Work Area,qsa-worksite,qsa-ladders,"Ladders correctly set, footed, and tied off where required",yesno,,yes,,
Quick Safety Audit,quick-safety-audit,Crew & Work Area,qsa-worksite,qsa-fall,"Fall protection in place for attic walkways, roof work, and open framing",yesno,,yes,,
Quick Safety Audit,quick-safety-audit,Crew & Work Area,qsa-worksite,qsa-attic-access,"Attic and crawlspace access safe — adequate lighting, no unsupported ceiling",yesno,,,,
Quick Safety Audit,quick-safety-audit,Crew & Work Area,qsa-worksite,qsa-structural,"No structural concerns noted in attic, crawlspace, or basement",yesno,,,yes,
Quick Safety Audit,quick-safety-audit,Crew & Work Area,qsa-worksite,qsa-vehicles,Vehicles and trailers parked without blocking access or creating a hazard,yesno,,,,
Quick Safety Audit,quick-safety-audit,Crew & Work Area,qsa-worksite,qsa-occupants,"Occupants, children, and pets kept clear of the work area",yesno,,,,
Home Performance — Insulation & Air Sealing,home-performance,Preparation & Safety,hp-prep,hp-knob-tube,Knob-and-tube or unsafe wiring identified and cleared before insulating,yesno,,yes,,No insulation buried over active knob-and-tube. Document the electrician sign-off.
Home Performance — Insulation & Air Sealing,home-performance,Preparation & Safety,hp-prep,hp-junction-boxes,"All junction boxes accessible, covered, and not buried in insulation",yesno,,,,
Home Performance — Insulation & Air Sealing,home-performance,Preparation & Safety,hp-prep,hp-can-lights,Recessed lights are IC-rated or fitted with approved airtight covers,yesno,,yes,,
Home Performance — Insulation & Air Sealing,home-performance,Preparation & Safety,hp-prep,hp-chimney,Chimney and flue chases dammed with fire-rated material and high-temp sealant,yesno,,yes,,"Sheet metal plus high-temp caulk, correct clearance to combustibles."
Home Performance — Insulation & Air Sealing,home-performance,Preparation & Safety,hp-prep,hp-moisture,"No active moisture, mold, or roof leaks in the work area",yesno,,yes,,Insulating over a wet deck buries the problem. Stop and report.
Home Performance — Insulation & Air Sealing,home-performance,Preparation & Safety,hp-prep,hp-pre-photos,Pre-existing conditions photographed before work started,yesno,,,yes,
Home Performance — Insulation & Air Sealing,home-performance,Air Sealing,hp-air-sealing,hp-top-plates,"Top plates, wire and pipe penetrations sealed at the attic floor",yesno,,,yes,
Home Performance — Insulation & Air Sealing,home-performance,Air Sealing,hp-air-sealing,hp-chases,"Open chases, soffits, and dropped ceilings capped and sealed",yesno,,,,
Home Performance — Insulation & Air Sealing,home-performance,Air Sealing,hp-air-sealing,hp-attic-hatch,"Attic hatch or scuttle insulated, weatherstripped, and dammed",yesno,,,yes,
Home Performance — Insulation & Air Sealing,home-performance,Air Sealing,hp-air-sealing,hp-rim-joist,Rim / band joist air sealed and insulated to spec,yesno,,,yes,
Home Performance — Insulation & Air Sealing,home-performance,Air Sealing,hp-air-sealing,hp-duct-sealing,Accessible ductwork sealed with mastic at all joints and boots,yesno,,,,
Home Performance — Insulation & Air Sealing,home-performance,Air Sealing,hp-air-sealing,hp-bath-fans,"Bath and kitchen exhaust fans ducted to the exterior, never into the attic",yesno,,yes,,
Home Performance — Insulation & Air Sealing,home-performance,Air Sealing,hp-air-sealing,hp-basement-sill,Sill plate and foundation-to-framing joint sealed,yesno,,,,
Home Performance — Insulation & Air Sealing,home-performance,Insulation Installation,hp-insulation,hp-r-value,Installed R-value matches the contracted specification,yesno,,yes,,
Home Performance — Insulation & Air Sealing,home-performance,Insulation Installation,hp-insulation,hp-depth-markers,Depth markers installed and readable; coverage is even with no voids,yesno,,,yes,
Home Performance — Insulation & Air Sealing,home-performance,Insulation Installation,hp-insulation,hp-baffles,Baffles installed at every eave; soffit ventilation is not blocked,yesno,,,yes,
Home Performance — Insulation & Air Sealing,home-performance,Insulation Installation,hp-insulation,hp-kneewall,Kneewalls insulated and air sealed with rigid backing on the attic side,yesno,,,,
Home Performance — Insulation & Air Sealing,home-performance,Insulation Installation,hp-insulation,hp-dense-pack,Dense-pack sidewall cavities filled to target density with no settling voids,yesno,,,,Verify by feel and by bag count against square footage.
Home Performance — Insulation & Air Sealing,home-performance,Insulation Installation,hp-insulation,hp-plugs,"Drill holes plugged, patched, and finished to match the existing siding",yesno,,,yes,
Home Performance — Insulation & Air Sealing,home-performance,Insulation Installation,hp-insulation,hp-clearances,"Required clearances maintained at flues, heat-producing fixtures, and equipment",yesno,,yes,,
Home Performance — Insulation & Air Sealing,home-performance,Crawlspace & Basement,hp-crawl,hp-vapor-barrier,"Vapor barrier covers full floor, seams overlapped and sealed, run up the walls",yesno,,,yes,
Home Performance — Insulation & Air Sealing,home-performance,Crawlspace & Basement,hp-crawl,hp-wall-insulation,Foundation walls insulated per spec with required termite inspection gap,yesno,,,,
Home Performance — Insulation & Air Sealing,home-performance,Crawlspace & Basement,hp-crawl,hp-vents,Vents sealed or left open per the design; approach matches the scope,yesno,,,,
Home Performance — Insulation & Air Sealing,home-performance,Crawlspace & Basement,hp-crawl,hp-drainage,No standing water; drainage and sump function verified,yesno,,yes,,
Home Performance — Insulation & Air Sealing,home-performance,Testing & Verification,hp-testing,hp-blower-door,Post-work blower door test performed and results documented,yesno,,yes,yes,
Home Performance — Insulation & Air Sealing,home-performance,Testing & Verification,hp-testing,hp-cfm-pre,Pre-work CFM50,measurement,CFM50,,,
Home Performance — Insulation & Air Sealing,home-performance,Testing & Verification,hp-testing,hp-cfm-post,Post-work CFM50,measurement,CFM50,,,
Home Performance — Insulation & Air Sealing,home-performance,Testing & Verification,hp-testing,hp-ach50,Post-work ACH50,measurement,ACH50,,,
Home Performance — Insulation & Air Sealing,home-performance,Testing & Verification,hp-testing,hp-bpi-safety,"Combustion safety test (draft, spillage, ambient CO) passed after air sealing",yesno,,yes,yes,Worst-case depressurization test on every atmospheric appliance.
Home Performance — Insulation & Air Sealing,home-performance,Testing & Verification,hp-testing,hp-ambient-co,Highest ambient CO reading,measurement,ppm,,,
Home Performance — Insulation & Air Sealing,home-performance,Testing & Verification,hp-testing,hp-ventilation-check,Whole-house ventilation still adequate for the tightened envelope,yesno,,yes,,"If the house went below the ventilation threshold, mechanical ventilation is required."
"Indoor Air Quality — Ventilation, Filtration & Humidity",indoor-air-quality,ERV / HRV Installation,iaq-erv,iaq-model,Unit model matches the design and is sized for the home,yesno,,yes,,
"Indoor Air Quality — Ventilation, Filtration & Humidity",indoor-air-quality,ERV / HRV Installation,iaq-erv,iaq-mounting,"Unit mounted level and securely, with service clearance for filter and core access",yesno,,,yes,
"Indoor Air Quality — Ventilation, Filtration & Humidity",indoor-air-quality,ERV / HRV Installation,iaq-erv,iaq-condensate,"Condensate drain installed, trapped per manufacturer, and flow tested with water",yesno,,yes,,
"Indoor Air Quality — Ventilation, Filtration & Humidity",indoor-air-quality,ERV / HRV Installation,iaq-erv,iaq-intake-location,"Fresh air intake meets required separation from exhausts, flues, and contamination sources",yesno,,yes,yes,"Check distances to dryer vents, plumbing stacks, driveways, and combustion terminations."
"Indoor Air Quality — Ventilation, Filtration & Humidity",indoor-air-quality,ERV / HRV Installation,iaq-erv,iaq-hoods,"Exterior hoods fitted with screens and backdraft dampers, sealed and flashed at the wall",yesno,,,yes,
"Indoor Air Quality — Ventilation, Filtration & Humidity",indoor-air-quality,ERV / HRV Installation,iaq-erv,iaq-duct-insulation,Ducts in unconditioned space are insulated and vapor sealed against condensation,yesno,,yes,,
"Indoor Air Quality — Ventilation, Filtration & Humidity",indoor-air-quality,ERV / HRV Installation,iaq-erv,iaq-duct-runs,"Duct runs supported, no kinks, crushed sections, or excess flex",yesno,,,,
"Indoor Air Quality — Ventilation, Filtration & Humidity",indoor-air-quality,ERV / HRV Installation,iaq-erv,iaq-balancing,Supply and exhaust airflows measured and balanced within manufacturer tolerance,yesno,,yes,yes,
"Indoor Air Quality — Ventilation, Filtration & Humidity",indoor-air-quality,ERV / HRV Installation,iaq-erv,iaq-supply-cfm,Measured supply airflow,measurement,CFM,,,
"Indoor Air Quality — Ventilation, Filtration & Humidity",indoor-air-quality,ERV / HRV Installation,iaq-erv,iaq-exhaust-cfm,Measured exhaust airflow,measurement,CFM,,,
"Indoor Air Quality — Ventilation, Filtration & Humidity",indoor-air-quality,ERV / HRV Installation,iaq-erv,iaq-ventilation-rate,Delivered ventilation rate meets the ASHRAE 62.2 target for this home,yesno,,yes,,
"Indoor Air Quality — Ventilation, Filtration & Humidity",indoor-air-quality,Exhaust Ventilation,iaq-exhaust,iaq-bath-fans,Bath fans deliver rated airflow and are quiet at the specified sone level,yesno,,,yes,
"Indoor Air Quality — Ventilation, Filtration & Humidity",indoor-air-quality,Exhaust Ventilation,iaq-exhaust,iaq-fan-controls,"Fan switches, timers, or humidistats installed, labeled, and functioning",yesno,,,,
"Indoor Air Quality — Ventilation, Filtration & Humidity",indoor-air-quality,Exhaust Ventilation,iaq-exhaust,iaq-dryer,Dryer and range exhaust terminate outdoors with no lint or grease restriction,yesno,,,,
"Indoor Air Quality — Ventilation, Filtration & Humidity",indoor-air-quality,Exhaust Ventilation,iaq-exhaust,iaq-makeup-air,Makeup air provided where required by the exhaust load,yesno,,yes,,
"Indoor Air Quality — Ventilation, Filtration & Humidity",indoor-air-quality,Filtration & Air Cleaning,iaq-filtration,iaq-filter-cabinet,"Media cabinet correctly sized, airtight, and installed in the right airflow direction",yesno,,,yes,
"Indoor Air Quality — Ventilation, Filtration & Humidity",indoor-air-quality,Filtration & Air Cleaning,iaq-filtration,iaq-filter-access,Filter is accessible without tools; size and change interval labeled at the unit,yesno,,,yes,
"Indoor Air Quality — Ventilation, Filtration & Humidity",indoor-air-quality,Filtration & Air Cleaning,iaq-filtration,iaq-static-pressure,Total external static pressure with the new filter is within equipment limits,yesno,,yes,,
"Indoor Air Quality — Ventilation, Filtration & Humidity",indoor-air-quality,Filtration & Air Cleaning,iaq-filtration,iaq-tesp,Total external static pressure,measurement,in. w.c.,,,
"Indoor Air Quality — Ventilation, Filtration & Humidity",indoor-air-quality,Filtration & Air Cleaning,iaq-filtration,iaq-bypass,No air bypasses the filter — cabinet and return joints are sealed,yesno,,,,
"Indoor Air Quality — Ventilation, Filtration & Humidity",indoor-air-quality,Filtration & Air Cleaning,iaq-filtration,iaq-uv,UV or air purification equipment installed per manufacturer with safety interlocks,yesno,,,,
"Indoor Air Quality — Ventilation, Filtration & Humidity",indoor-air-quality,Humidity Control,iaq-humidity,iaq-dehu-mount,Dehumidifier mounted level with required clearance and vibration isolation,yesno,,,,
"Indoor Air Quality — Ventilation, Filtration & Humidity",indoor-air-quality,Humidity Control,iaq-humidity,iaq-dehu-drain,"Dehumidifier drain sloped and trapped, or condensate pump wired with safety switch",yesno,,yes,,
"Indoor Air Quality — Ventilation, Filtration & Humidity",indoor-air-quality,Humidity Control,iaq-humidity,iaq-dehu-duct,Ducted dehumidifier tie-ins do not short-cycle or pressurize the return incorrectly,yesno,,,,
"Indoor Air Quality — Ventilation, Filtration & Humidity",indoor-air-quality,Humidity Control,iaq-humidity,iaq-humidifier,"Humidifier (if installed) has a working humidistat, drain, and bypass damper set for season",yesno,,,,
"Indoor Air Quality — Ventilation, Filtration & Humidity",indoor-air-quality,Humidity Control,iaq-humidity,iaq-rh,Indoor relative humidity at time of inspection,measurement,% RH,,,
"Indoor Air Quality — Ventilation, Filtration & Humidity",indoor-air-quality,Commissioning & Handoff,iaq-commissioning,iaq-controls,"Ventilation schedule and setpoints programmed for this home, not left at defaults",yesno,,yes,yes,
"Indoor Air Quality — Ventilation, Filtration & Humidity",indoor-air-quality,Commissioning & Handoff,iaq-commissioning,iaq-depressurization,Combustion appliances re-tested for backdraft with all exhaust running at worst case,yesno,,yes,,
"Indoor Air Quality — Ventilation, Filtration & Humidity",indoor-air-quality,Commissioning & Handoff,iaq-commissioning,iaq-monitor,"IAQ monitor (if supplied) placed, connected, and reading plausible values",yesno,,,,
"Indoor Air Quality — Ventilation, Filtration & Humidity",indoor-air-quality,Commissioning & Handoff,iaq-commissioning,iaq-customer,"Customer shown how to run, service, and seasonally adjust the ventilation system",yesno,,,,
Mitsubishi Ducted Hyper-Heat Heat Pump,mitsubishi-ducted,Outdoor Unit,md-outdoor,md-model-match,Outdoor unit model matches the Manual J load calculation and the sold proposal,yesno,,yes,yes,
Mitsubishi Ducted Hyper-Heat Heat Pump,mitsubishi-ducted,Outdoor Unit,md-outdoor,md-pad,"Unit level on a solid pad or wall bracket, elevated above expected snow depth",yesno,,yes,yes,Hyper-heat units run in deep winter — base must stay clear of drifting and meltwater.
Mitsubishi Ducted Hyper-Heat Heat Pump,mitsubishi-ducted,Outdoor Unit,md-outdoor,md-clearances,Manufacturer service and airflow clearances met on all sides and above,yesno,,,,
Mitsubishi Ducted Hyper-Heat Heat Pump,mitsubishi-ducted,Outdoor Unit,md-outdoor,md-isolation,"Vibration isolation pads installed; unit secured against wind, seismic, or snow load as required",yesno,,,,
Mitsubishi Ducted Hyper-Heat Heat Pump,mitsubishi-ducted,Outdoor Unit,md-outdoor,md-drainage,Defrost meltwater drains away freely and will not ice under the unit or on a walkway,yesno,,yes,,
Mitsubishi Ducted Hyper-Heat Heat Pump,mitsubishi-ducted,Outdoor Unit,md-outdoor,md-pan-heater,Base pan heater installed and wired where the application requires it,yesno,,,,
Mitsubishi Ducted Hyper-Heat Heat Pump,mitsubishi-ducted,Outdoor Unit,md-outdoor,md-roof-drip,Unit not located under a roof drip line or icicle fall path,yesno,,,,
Mitsubishi Ducted Hyper-Heat Heat Pump,mitsubishi-ducted,Line Set & Refrigerant,md-refrigerant,md-line-size,Line set diameter and total length are within manufacturer limits for this pairing,yesno,,yes,,
Mitsubishi Ducted Hyper-Heat Heat Pump,mitsubishi-ducted,Line Set & Refrigerant,md-refrigerant,md-nitrogen,Nitrogen purge used during all brazing,yesno,,yes,,
Mitsubishi Ducted Hyper-Heat Heat Pump,mitsubishi-ducted,Line Set & Refrigerant,md-refrigerant,md-flares,"Flares cut, deburred, and torqued to Mitsubishi specification with a torque wrench",yesno,,yes,,No over-tightening. Torque values are per line size in the install manual.
Mitsubishi Ducted Hyper-Heat Heat Pump,mitsubishi-ducted,Line Set & Refrigerant,md-refrigerant,md-pressure-test,Pressure test held at specified pressure with no loss,yesno,,yes,yes,
Mitsubishi Ducted Hyper-Heat Heat Pump,mitsubishi-ducted,Line Set & Refrigerant,md-refrigerant,md-vacuum,Evacuated to 500 microns or below with a documented decay test,yesno,,yes,yes,
Mitsubishi Ducted Hyper-Heat Heat Pump,mitsubishi-ducted,Line Set & Refrigerant,md-refrigerant,md-micron-reading,Final micron reading after decay test,measurement,microns,,,
Mitsubishi Ducted Hyper-Heat Heat Pump,mitsubishi-ducted,Line Set & Refrigerant,md-refrigerant,md-charge,"Additional refrigerant charge calculated for line length, weighed in, and recorded",yesno,,yes,,
Mitsubishi Ducted Hyper-Heat Heat Pump,mitsubishi-ducted,Line Set & Refrigerant,md-refrigerant,md-charge-amount,Additional charge added,measurement,oz,,,
Mitsubishi Ducted Hyper-Heat Heat Pump,mitsubishi-ducted,Line Set & Refrigerant,md-refrigerant,md-insulation,Both lines fully insulated with no gaps at fittings; outdoor insulation UV protected,yesno,,,yes,
Mitsubishi Ducted Hyper-Heat Heat Pump,mitsubishi-ducted,Line Set & Refrigerant,md-refrigerant,md-line-support,"Line set supported, protected where it passes through framing, and free of kinks",yesno,,,,
Mitsubishi Ducted Hyper-Heat Heat Pump,mitsubishi-ducted,Line Set & Refrigerant,md-refrigerant,md-line-hide,"Exterior line hide installed neatly, sealed at the wall, and pitched to shed water",yesno,,,yes,
Mitsubishi Ducted Hyper-Heat Heat Pump,mitsubishi-ducted,Electrical & Controls,md-electrical,md-breaker,Breaker size and wire gauge match the equipment nameplate MCA and MOCP,yesno,,yes,yes,
Mitsubishi Ducted Hyper-Heat Heat Pump,mitsubishi-ducted,Electrical & Controls,md-electrical,md-disconnect,Disconnect installed within sight of the unit and properly labeled,yesno,,yes,,
Mitsubishi Ducted Hyper-Heat Heat Pump,mitsubishi-ducted,Electrical & Controls,md-electrical,md-whip,"Whip and conduit secured, weatherproof, with correct fittings and drip loops",yesno,,,,
Mitsubishi Ducted Hyper-Heat Heat Pump,mitsubishi-ducted,Electrical & Controls,md-electrical,md-grounding,Equipment grounded and bonded per code,yesno,,yes,,
Mitsubishi Ducted Hyper-Heat Heat Pump,mitsubishi-ducted,Electrical & Controls,md-electrical,md-comm-wiring,Communication wiring is the specified type and is not run in the same conduit as line voltage,yesno,,yes,,Mixing control and line voltage is the number one cause of nuisance comm errors.
Mitsubishi Ducted Hyper-Heat Heat Pump,mitsubishi-ducted,Electrical & Controls,md-electrical,md-terminations,"All terminations tight, correctly landed, and torqued; no exposed conductors",yesno,,,,
Mitsubishi Ducted Hyper-Heat Heat Pump,mitsubishi-ducted,Electrical & Controls,md-electrical,md-controller,"Thermostat or wall controller mounted at proper height, away from drafts and heat sources",yesno,,,,
Mitsubishi Ducted Hyper-Heat Heat Pump,mitsubishi-ducted,Electrical & Controls,md-electrical,md-kumo,"Interface commissioned, connected to Wi-Fi, and app access handed to the customer",yesno,,,yes,
Mitsubishi Ducted Hyper-Heat Heat Pump,mitsubishi-ducted,Electrical & Controls,md-electrical,md-dip-switches,"Dip switches and configuration settings set for this installation, not left at factory default",yesno,,yes,yes,
Mitsubishi Ducted Hyper-Heat Heat Pump,mitsubishi-ducted,Air Handler & Distribution,md-airhandler,md-ah-mount,"Air handler mounted level, isolated from structure, with full service access",yesno,,,,
Mitsubishi Ducted Hyper-Heat Heat Pump,mitsubishi-ducted,Air Handler & Distribution,md-airhandler,md-plenums,Supply and return plenums sealed airtight to the cabinet,yesno,,,yes,
Mitsubishi Ducted Hyper-Heat Heat Pump,mitsubishi-ducted,Air Handler & Distribution,md-airhandler,md-duct-sealing,All duct joints mechanically fastened and sealed with mastic,yesno,,,,
Mitsubishi Ducted Hyper-Heat Heat Pump,mitsubishi-ducted,Air Handler & Distribution,md-airhandler,md-duct-insulation,Ducts in unconditioned space insulated to spec with sealed vapor barrier,yesno,,,,
Mitsubishi Ducted Hyper-Heat Heat Pump,mitsubishi-ducted,Air Handler & Distribution,md-airhandler,md-filter-rack,"Filter rack accessible, gasketed, and filter size labeled",yesno,,,yes,
Mitsubishi Ducted Hyper-Heat Heat Pump,mitsubishi-ducted,Air Handler & Distribution,md-airhandler,md-static,Total external static pressure measured and within the blower table limits,yesno,,yes,yes,
Mitsubishi Ducted Hyper-Heat Heat Pump,mitsubishi-ducted,Air Handler & Distribution,md-airhandler,md-tesp,Total external static pressure,measurement,in. w.c.,,,
Mitsubishi Ducted Hyper-Heat Heat Pump,mitsubishi-ducted,Air Handler & Distribution,md-airhandler,md-airflow,Delivered airflow verified against design CFM; blower speed set accordingly,yesno,,yes,,
Mitsubishi Ducted Hyper-Heat Heat Pump,mitsubishi-ducted,Air Handler & Distribution,md-airhandler,md-registers,"Registers and grilles installed, balanced, and every room gets measurable airflow",yesno,,,,
Mitsubishi Ducted Hyper-Heat Heat Pump,mitsubishi-ducted,Air Handler & Distribution,md-airhandler,md-condensate,Primary drain trapped and sloped; secondary drain or float safety switch installed and tested,yesno,,yes,yes,
Mitsubishi Ducted Hyper-Heat Heat Pump,mitsubishi-ducted,Air Handler & Distribution,md-airhandler,md-condensate-test,Condensate system flow tested with water and safety switch proven to shut the unit down,yesno,,yes,,
Mitsubishi Ducted Hyper-Heat Heat Pump,mitsubishi-ducted,Startup & Performance,md-startup,md-heat-mode,System run in heating; discharge air temperature and operation verified,yesno,,yes,,
Mitsubishi Ducted Hyper-Heat Heat Pump,mitsubishi-ducted,Startup & Performance,md-startup,md-cool-mode,System run in cooling; discharge air temperature and operation verified,yesno,,yes,,
Mitsubishi Ducted Hyper-Heat Heat Pump,mitsubishi-ducted,Startup & Performance,md-startup,md-delta-t,Supply / return delta-T,measurement,°F,,,
Mitsubishi Ducted Hyper-Heat Heat Pump,mitsubishi-ducted,Startup & Performance,md-startup,md-no-codes,No fault codes present after a full run in both modes,yesno,,yes,yes,
Mitsubishi Ducted Hyper-Heat Heat Pump,mitsubishi-ducted,Startup & Performance,md-startup,md-defrost,Defrost operation explained to the customer so steam and noise are not alarming,yesno,,,,
Mitsubishi Ducted Hyper-Heat Heat Pump,mitsubishi-ducted,Startup & Performance,md-startup,md-noise,"Indoor and outdoor noise levels acceptable; no rattles, buzzing, or resonance",yesno,,,,
Mitsubishi Ducted Hyper-Heat Heat Pump,mitsubishi-ducted,Startup & Performance,md-startup,md-backup-heat,Backup or auxiliary heat lockout and staging configured correctly,yesno,,yes,,A hyper-heat system that leans on strip heat at 35°F will destroy the operating cost promise.
Mitsubishi Ducted Hyper-Heat Heat Pump,mitsubishi-ducted,Startup & Performance,md-startup,md-startup-sheet,"Startup report completed, signed, and filed with the job",yesno,,,yes,
Mitsubishi Ductless Hyper-Heat Heat Pump,mitsubishi-ductless,Indoor Heads,mdl-indoor,mdl-model-match,"Head models, capacities, and locations match the design and proposal",yesno,,yes,yes,
Mitsubishi Ductless Hyper-Heat Heat Pump,mitsubishi-ductless,Indoor Heads,mdl-indoor,mdl-backplate,"Mounting plate anchored to studs or solid backing, not drywall anchors alone",yesno,,yes,,
Mitsubishi Ductless Hyper-Heat Heat Pump,mitsubishi-ductless,Indoor Heads,mdl-indoor,mdl-level,Head is level side to side and pitched per manufacturer for drainage,yesno,,yes,yes,A head that is out of level will weep condensate down the wall within a season.
Mitsubishi Ductless Hyper-Heat Heat Pump,mitsubishi-ductless,Indoor Heads,mdl-indoor,mdl-clearances,"Clearance from ceiling, side walls, and furniture meets manufacturer minimums",yesno,,,,
Mitsubishi Ductless Hyper-Heat Heat Pump,mitsubishi-ductless,Indoor Heads,mdl-indoor,mdl-placement,Head placement gives good throw into the room and is not blocked by drapes or cabinetry,yesno,,,,
Mitsubishi Ductless Hyper-Heat Heat Pump,mitsubishi-ductless,Indoor Heads,mdl-indoor,mdl-aesthetics,Installation is neat and matches what the customer was shown during the sale,yesno,,,,
Mitsubishi Ductless Hyper-Heat Heat Pump,mitsubishi-ductless,Wall Penetration & Condensate,mdl-penetration,mdl-sleeve,"Wall penetration sleeved, sloped down to the exterior, and sealed inside and out",yesno,,yes,yes,
Mitsubishi Ductless Hyper-Heat Heat Pump,mitsubishi-ductless,Wall Penetration & Condensate,mdl-penetration,mdl-no-framing,No structural framing cut or notched without approval,yesno,,yes,,
Mitsubishi Ductless Hyper-Heat Heat Pump,mitsubishi-ductless,Wall Penetration & Condensate,mdl-penetration,mdl-drain-slope,"Condensate drain has continuous downward slope with no sags, traps, or upward runs",yesno,,yes,yes,
Mitsubishi Ductless Hyper-Heat Heat Pump,mitsubishi-ductless,Wall Penetration & Condensate,mdl-penetration,mdl-drain-test,Every head drain flow tested by pouring water into the pan,yesno,,yes,,
Mitsubishi Ductless Hyper-Heat Heat Pump,mitsubishi-ductless,Wall Penetration & Condensate,mdl-penetration,mdl-drain-insulation,Condensate line insulated where it runs through unconditioned or finished space,yesno,,,,
Mitsubishi Ductless Hyper-Heat Heat Pump,mitsubishi-ductless,Wall Penetration & Condensate,mdl-penetration,mdl-pump,"Condensate pump (where used) mounted, quiet, and wired to shut the unit down on high level",yesno,,yes,,
Mitsubishi Ductless Hyper-Heat Heat Pump,mitsubishi-ductless,Wall Penetration & Condensate,mdl-penetration,mdl-termination,"Condensate terminates where it will not stain siding, ice a walkway, or dump on a foundation",yesno,,,,
Mitsubishi Ductless Hyper-Heat Heat Pump,mitsubishi-ductless,Line Sets & Refrigerant,mdl-refrigerant,mdl-line-length,Total line length and height difference are within limits for this system,yesno,,yes,,
Mitsubishi Ductless Hyper-Heat Heat Pump,mitsubishi-ductless,Line Sets & Refrigerant,mdl-refrigerant,mdl-flares,"Flares cut, deburred, and torqued to specification with a torque wrench",yesno,,yes,,
Mitsubishi Ductless Hyper-Heat Heat Pump,mitsubishi-ductless,Line Sets & Refrigerant,mdl-refrigerant,mdl-no-oil,No oil residue or bubbles at any flare or joint after leak check,yesno,,yes,,
Mitsubishi Ductless Hyper-Heat Heat Pump,mitsubishi-ductless,Line Sets & Refrigerant,mdl-refrigerant,mdl-vacuum,Evacuated to 500 microns or below with a documented decay test,yesno,,yes,yes,
Mitsubishi Ductless Hyper-Heat Heat Pump,mitsubishi-ductless,Line Sets & Refrigerant,mdl-refrigerant,mdl-micron-reading,Final micron reading after decay test,measurement,microns,,,
Mitsubishi Ductless Hyper-Heat Heat Pump,mitsubishi-ductless,Line Sets & Refrigerant,mdl-refrigerant,mdl-charge,Additional charge calculated and weighed in where line length requires it,yesno,,,,
Mitsubishi Ductless Hyper-Heat Heat Pump,mitsubishi-ductless,Line Sets & Refrigerant,mdl-refrigerant,mdl-insulation,Both lines individually insulated end to end with sealed seams,yesno,,,yes,
Mitsubishi Ductless Hyper-Heat Heat Pump,mitsubishi-ductless,Line Sets & Refrigerant,mdl-refrigerant,mdl-line-hide,"Line hide runs straight and level, sealed at penetrations, painted where specified",yesno,,,yes,
Mitsubishi Ductless Hyper-Heat Heat Pump,mitsubishi-ductless,Line Sets & Refrigerant,mdl-refrigerant,mdl-line-protection,"Line set protected from lawn equipment, foot traffic, and snow removal damage",yesno,,,,
Mitsubishi Ductless Hyper-Heat Heat Pump,mitsubishi-ductless,Multi-Zone & Branch Box,mdl-multizone,mdl-branch-mount,"Branch box mounted level, accessible for service, and in a serviceable location",yesno,,,,
Mitsubishi Ductless Hyper-Heat Heat Pump,mitsubishi-ductless,Multi-Zone & Branch Box,mdl-multizone,mdl-branch-drain,Branch box condensate drain installed and tested where the model requires one,yesno,,,,
Mitsubishi Ductless Hyper-Heat Heat Pump,mitsubishi-ductless,Multi-Zone & Branch Box,mdl-multizone,mdl-zone-map,Every port labeled with the room it serves and matched to the as-built drawing,yesno,,yes,yes,
Mitsubishi Ductless Hyper-Heat Heat Pump,mitsubishi-ductless,Multi-Zone & Branch Box,mdl-multizone,mdl-zone-verify,Zone mapping physically verified by running each head one at a time,yesno,,yes,,
Mitsubishi Ductless Hyper-Heat Heat Pump,mitsubishi-ductless,Multi-Zone & Branch Box,mdl-multizone,mdl-unused-ports,Unused branch box ports capped and configured per manufacturer,yesno,,,,
Mitsubishi Ductless Hyper-Heat Heat Pump,mitsubishi-ductless,Outdoor Unit & Electrical,mdl-outdoor,mdl-outdoor-mount,"Outdoor unit level and elevated above snow line on pad, stand, or wall bracket",yesno,,yes,yes,
Mitsubishi Ductless Hyper-Heat Heat Pump,mitsubishi-ductless,Outdoor Unit & Electrical,mdl-outdoor,mdl-outdoor-clearance,Airflow and service clearances met; not boxed in by fencing or plantings,yesno,,,,
Mitsubishi Ductless Hyper-Heat Heat Pump,mitsubishi-ductless,Outdoor Unit & Electrical,mdl-outdoor,mdl-meltwater,Defrost meltwater drains clear of the unit and any walkway,yesno,,yes,,
Mitsubishi Ductless Hyper-Heat Heat Pump,mitsubishi-ductless,Outdoor Unit & Electrical,mdl-outdoor,mdl-breaker,Breaker and wire sized to the nameplate MCA and MOCP,yesno,,yes,yes,
Mitsubishi Ductless Hyper-Heat Heat Pump,mitsubishi-ductless,Outdoor Unit & Electrical,mdl-outdoor,mdl-disconnect,"Disconnect within sight, labeled, and weatherproof",yesno,,yes,,
Mitsubishi Ductless Hyper-Heat Heat Pump,mitsubishi-ductless,Outdoor Unit & Electrical,mdl-outdoor,mdl-comm-wiring,"Control wiring is the specified type, correctly landed per zone, and separated from line voltage",yesno,,yes,,
Mitsubishi Ductless Hyper-Heat Heat Pump,mitsubishi-ductless,Outdoor Unit & Electrical,mdl-outdoor,mdl-grounding,Equipment grounded and bonded per code,yesno,,yes,,
Mitsubishi Ductless Hyper-Heat Heat Pump,mitsubishi-ductless,Startup & Customer Handoff,mdl-startup,mdl-heat-test,Every head run in heating and confirmed delivering warm air,yesno,,yes,,
Mitsubishi Ductless Hyper-Heat Heat Pump,mitsubishi-ductless,Startup & Customer Handoff,mdl-startup,mdl-cool-test,Every head run in cooling and confirmed delivering cold air,yesno,,yes,,
Mitsubishi Ductless Hyper-Heat Heat Pump,mitsubishi-ductless,Startup & Customer Handoff,mdl-startup,mdl-delta-t,Delta-T at each head (list per room),measurement,°F,,,
Mitsubishi Ductless Hyper-Heat Heat Pump,mitsubishi-ductless,Startup & Customer Handoff,mdl-startup,mdl-leak-watch,Heads run 15+ minutes in cooling and checked for drips at pan and wall,yesno,,yes,,
Mitsubishi Ductless Hyper-Heat Heat Pump,mitsubishi-ductless,Startup & Customer Handoff,mdl-startup,mdl-no-codes,No fault codes on any indoor or outdoor unit after full operation,yesno,,yes,yes,
Mitsubishi Ductless Hyper-Heat Heat Pump,mitsubishi-ductless,Startup & Customer Handoff,mdl-startup,mdl-remotes,"Remotes or wall controllers paired, batteries installed, and labeled by room",yesno,,,yes,
Mitsubishi Ductless Hyper-Heat Heat Pump,mitsubishi-ductless,Startup & Customer Handoff,mdl-startup,mdl-app,Wi-Fi interface commissioned and app access transferred to the customer,yesno,,,,
Mitsubishi Ductless Hyper-Heat Heat Pump,mitsubishi-ductless,Startup & Customer Handoff,mdl-startup,mdl-filters,Filters clean and seated; customer shown how to remove and wash them,yesno,,,,
Mitsubishi Ductless Hyper-Heat Heat Pump,mitsubishi-ductless,Startup & Customer Handoff,mdl-startup,mdl-usage-coaching,Customer coached on set-and-forget operation and why not to use it like a window unit,yesno,,,,Single biggest driver of customer dissatisfaction and high bills on ductless.
Quilt Ductless Heat Pump,quilt,System Design Verification,q-design,q-config,Installed configuration matches the approved Quilt system design and proposal,yesno,,yes,yes,
Quilt Ductless Heat Pump,quilt,System Design Verification,q-design,q-zone-count,Correct number of indoor Covers installed in the correct rooms,yesno,,yes,,
Quilt Ductless Heat Pump,quilt,System Design Verification,q-design,q-capacity,Capacity matches the room-by-room load calculation,yesno,,yes,,
Quilt Ductless Heat Pump,quilt,System Design Verification,q-design,q-serials,"Serial numbers of the outdoor unit, each Cover, and each Dial recorded",yesno,,,yes,
Quilt Ductless Heat Pump,quilt,Indoor Covers,q-covers,q-cover-mount,Mounting bracket anchored into studs or approved solid backing,yesno,,yes,,
Quilt Ductless Heat Pump,quilt,Indoor Covers,q-covers,q-cover-level,Cover is level and set at the manufacturer-specified height and clearances,yesno,,yes,yes,
Quilt Ductless Heat Pump,quilt,Indoor Covers,q-covers,q-cover-clearance,"Clearance to ceiling, corners, and furnishings meets Quilt requirements",yesno,,,,
Quilt Ductless Heat Pump,quilt,Indoor Covers,q-covers,q-cover-airflow,"Airflow path into the room is unobstructed by drapery, shelving, or trim",yesno,,,,
Quilt Ductless Heat Pump,quilt,Indoor Covers,q-covers,q-cover-finish,"Cover seated fully with no gaps, scuffs, protective film removed, and wall finish undamaged",yesno,,,yes,
Quilt Ductless Heat Pump,quilt,Indoor Covers,q-covers,q-cover-placement-approved,Final placement was confirmed with the customer before drilling,yesno,,,,
Quilt Ductless Heat Pump,quilt,"Penetrations, Line Sets & Condensate",q-lines,q-penetration,"Wall penetration sleeved, pitched to the exterior, and sealed weather-tight both sides",yesno,,yes,yes,
Quilt Ductless Heat Pump,quilt,"Penetrations, Line Sets & Condensate",q-lines,q-line-spec,Line set size and length are within Quilt specification for this pairing,yesno,,yes,,
Quilt Ductless Heat Pump,quilt,"Penetrations, Line Sets & Condensate",q-lines,q-flares,"Flares cut, deburred, and torqued to Quilt specification with a torque wrench",yesno,,yes,,
Quilt Ductless Heat Pump,quilt,"Penetrations, Line Sets & Condensate",q-lines,q-nitrogen,Nitrogen purge used during brazing where brazing was required,yesno,,yes,,
Quilt Ductless Heat Pump,quilt,"Penetrations, Line Sets & Condensate",q-lines,q-vacuum,Evacuated to 500 microns or below with a documented decay test,yesno,,yes,yes,
Quilt Ductless Heat Pump,quilt,"Penetrations, Line Sets & Condensate",q-lines,q-micron-reading,Final micron reading after decay test,measurement,microns,,,
Quilt Ductless Heat Pump,quilt,"Penetrations, Line Sets & Condensate",q-lines,q-leak-check,Leak check performed at every joint with no bubbles or oil residue,yesno,,yes,,
Quilt Ductless Heat Pump,quilt,"Penetrations, Line Sets & Condensate",q-lines,q-charge,"Additional charge calculated for line length, weighed in, and recorded",yesno,,,,
Quilt Ductless Heat Pump,quilt,"Penetrations, Line Sets & Condensate",q-lines,q-insulation,Lines fully insulated with sealed seams; UV-rated protection outdoors,yesno,,,yes,
Quilt Ductless Heat Pump,quilt,"Penetrations, Line Sets & Condensate",q-lines,q-line-cover,"Line covers run straight, sealed at penetrations, and finished to the agreed appearance",yesno,,,yes,
Quilt Ductless Heat Pump,quilt,"Penetrations, Line Sets & Condensate",q-lines,q-condensate-slope,Condensate drain has continuous fall with no sags or traps,yesno,,yes,,
Quilt Ductless Heat Pump,quilt,"Penetrations, Line Sets & Condensate",q-lines,q-condensate-test,Condensate flow tested with water at every Cover,yesno,,yes,,
Quilt Ductless Heat Pump,quilt,"Penetrations, Line Sets & Condensate",q-lines,q-condensate-term,"Condensate terminates clear of walkways, siding, and the foundation",yesno,,,,
Quilt Ductless Heat Pump,quilt,Outdoor Unit & Electrical,q-outdoor,q-outdoor-mount,Outdoor unit level and elevated above snow and flood level per Quilt guidance,yesno,,yes,yes,
Quilt Ductless Heat Pump,quilt,Outdoor Unit & Electrical,q-outdoor,q-outdoor-clearance,Required airflow and service clearances met on all sides,yesno,,,,
Quilt Ductless Heat Pump,quilt,Outdoor Unit & Electrical,q-outdoor,q-outdoor-isolation,Vibration isolation installed and unit secured against wind and snow load,yesno,,,,
Quilt Ductless Heat Pump,quilt,Outdoor Unit & Electrical,q-outdoor,q-meltwater,Defrost meltwater drains away and will not ice a walkway or door path,yesno,,yes,,
Quilt Ductless Heat Pump,quilt,Outdoor Unit & Electrical,q-outdoor,q-electrical,"Circuit, breaker, and conductor sizing match the Quilt nameplate requirements",yesno,,yes,yes,
Quilt Ductless Heat Pump,quilt,Outdoor Unit & Electrical,q-outdoor,q-disconnect,"Disconnect within sight of the unit, labeled, and weatherproof",yesno,,yes,,
Quilt Ductless Heat Pump,quilt,Outdoor Unit & Electrical,q-outdoor,q-grounding,Equipment grounded and bonded per code,yesno,,yes,,
Quilt Ductless Heat Pump,quilt,Outdoor Unit & Electrical,q-outdoor,q-comm,Communication and power wiring landed per Quilt documentation and separated as required,yesno,,yes,,
Quilt Ductless Heat Pump,quilt,Dial Controllers,q-dial,q-dial-mount,"Each Dial mounted at the specified height, level, and securely fastened",yesno,,,,
Quilt Ductless Heat Pump,quilt,Dial Controllers,q-dial,q-dial-location,"Dial located away from direct sun, supply air, and heat-producing appliances",yesno,,yes,,A Dial reading a false room temperature will make the system look broken.
Quilt Ductless Heat Pump,quilt,Dial Controllers,q-dial,q-dial-pairing,Each Dial paired to the correct Cover and responds to input,yesno,,yes,,
Quilt Ductless Heat Pump,quilt,Dial Controllers,q-dial,q-dial-labeling,Rooms named correctly in the system so the customer sees the names they expect,yesno,,,,
Quilt Ductless Heat Pump,quilt,App Commissioning & Handoff,q-commissioning,q-wifi,System connected to the home Wi-Fi with a stable signal at the outdoor unit,yesno,,yes,yes,
Quilt Ductless Heat Pump,quilt,App Commissioning & Handoff,q-commissioning,q-app-setup,"Home set up in the Quilt app with correct address, rooms, and zone names",yesno,,yes,,
Quilt Ductless Heat Pump,quilt,App Commissioning & Handoff,q-commissioning,q-firmware,Firmware updated to current release and system reports healthy,yesno,,,yes,
Quilt Ductless Heat Pump,quilt,App Commissioning & Handoff,q-commissioning,q-ownership,Account ownership transferred to the homeowner and their login confirmed working,yesno,,yes,,Do not leave the system under an installer account.
Quilt Ductless Heat Pump,quilt,App Commissioning & Handoff,q-commissioning,q-heat-test,Every zone run in heating and confirmed delivering warm air,yesno,,yes,,
Quilt Ductless Heat Pump,quilt,App Commissioning & Handoff,q-commissioning,q-cool-test,Every zone run in cooling and confirmed delivering cold air,yesno,,yes,,
Quilt Ductless Heat Pump,quilt,App Commissioning & Handoff,q-commissioning,q-delta-t,Delta-T at each Cover (list per room),measurement,°F,,,
Quilt Ductless Heat Pump,quilt,App Commissioning & Handoff,q-commissioning,q-leak-watch,Covers run 15+ minutes in cooling and checked for condensate drips,yesno,,yes,,
Quilt Ductless Heat Pump,quilt,App Commissioning & Handoff,q-commissioning,q-no-alerts,No alerts or faults shown in the app after full operation,yesno,,yes,yes,
Quilt Ductless Heat Pump,quilt,App Commissioning & Handoff,q-commissioning,q-noise,Operating noise acceptable indoors and out; no rattles or resonance,yesno,,,,
Quilt Ductless Heat Pump,quilt,App Commissioning & Handoff,q-commissioning,q-customer-app,"Customer walked through the app: scheduling, zone control, and away mode",yesno,,,,
Quilt Ductless Heat Pump,quilt,App Commissioning & Handoff,q-commissioning,q-customer-filter,Customer shown how to remove and clean the Cover filters,yesno,,,,
Quilt Ductless Heat Pump,quilt,App Commissioning & Handoff,q-commissioning,q-customer-support,Customer told how Quilt support and our service line divide responsibility,yesno,,,,
